community_name,location,zip,services_offered,enhanced,enriched,price,deposit,work_with_placement,contract_w_rate,est_waitlist,source_sheet,contact,website,phone,address,city,state,beds,wheelchair_accessible,medication_support,diaper_support,mobility_support,apartment_type
1,36055011712,14534,memory care,No,No,8200.0,,Yes,0.8,Available,Rochester,,,,,,,,False,False,True,False,
1,36055011712,14534,memory care,No,No,,,Yes,0.8,Available,Rochester,,,,,,,,False,False,True,False,
2,36055011507,14580,independent living,No,No,4045.0,500,Yes,0.9,1-2 months,Rochester,,,,,,,,False,False,False,False,
2,36055011507,14580,independent living,No,No,4620.0,500,Yes,0.9,1-2 months,Rochester,,,,,,,,False,False,False,False,
2,36055011507,14580,independent living,No,No,5735.0,500,Yes,0.9,1-2 months,Rochester,,,,,,,,False,False,False,False,
2,36055011507,14580,independent living,No,No,6150.0,500,Yes,0.9,1-2 months,Rochester,,,,,,,,False,False,False,False,
3,0,14534,independent living,No,No,4539.0,,No,No,Unconfirmed,Rochester,,,,,,,,False,False,False,False,
3,0,14534,independent living,No,No,4838.0,,No,No,Unconfirmed,Rochester,,,,,,,,False,False,False,False,
3,0,14534,independent living,No,No,4934.0,,No,No,Unconfirmed,Rochester,,,,,,,,False,False,False,False,
4,36055012308,14534,assisted living,Yes,Yes,7133.0,,No,No,7-12 months,Rochester,,,,,,,,True,True,False,True,
4,36055012308,14534,assisted living,Yes,Yes,8526.0,,No,No,7-12 months,Rochester,,,,,,,,True,True,False,True,
4,36055012308,14534,assisted living,Yes,Yes,7984.0,,No,No,7-12 months,Rochester,,,,,,,,True,True,False,True,
4,36055012308,14534,assisted living,Yes,Yes,9669.0,,No,No,7-12 months,Rochester,,,,,,,,True,True,False,True,
4,36055012308,14534,assisted living,Yes,Yes,9931.0,,No,No,7-12 months,Rochester,,,,,,,,True,True,False,True,
4,36055012308,14534,assisted living,Yes,Yes,10539.0,,No,No,7-12 months,Rochester,,,,,,,,True,True,False,True,
4,36055012308,14534,memory care,Yes,Yes,8854.0,,No,No,7-12 months,Rochester,,,,,,,,True,True,True,True,
4,36055012308,14534,memory care,Yes,Yes,9706.0,,No,No,7-12 months,Rochester,,,,,,,,True,True,True,True,
5,36055012301,14534,assisted living,Yes,No,6300.0,,No (for now),No,Unconfirmed,Rochester,,,,,,,,True,False,False,True,
5,36055012301,14534,assisted living,Yes,No,7290.0,,No (for now),No,Unconfirmed,Rochester,,,,,,,,True,False,False,True,
5,36055012301,14534,assisted living,Yes,No,8380.0,,No (for now),No,Unconfirmed,Rochester,,,,,,,,True,False,False,True,
5,36055012301,14534,memory care,Yes,No,7150.0,,No (for now),No,Unconfirmed,Rochester,,,,,,,,True,False,True,True,
6,36055011505,14526,assisted living,Yes,Yes,4950.0,,No (for now),No,Unconfirmed,Rochester,,,,,,,,True,True,False,True,
6,36055011505,14526,assisted living,Yes,Yes,5700.0,,No (for now),No,Unconfirmed,Rochester,,,,,,,,True,True,False,True,
6,36055011505,14526,assisted living,Yes,Yes,5900.0,,No (for now),No,Unconfirmed,Rochester,,,,,,,,True,True,False,True,
6,36055011505,14526,assisted living,Yes,Yes,6200.0,,No (for now),No,Unconfirmed,Rochester,,,,,,,,True,True,False,True,
6,36055011505,14526,memory care,Yes,Yes,6800.0,,No (for now),No,Unconfirmed,Rochester,,,,,,,,True,True,True,True,
6,36055011505,14526,memory care,Yes,Yes,7200.0,,No (for now),No,Unconfirmed,Rochester,,,,,,,,True,True,True,True,
6,36055011505,14526,memory care,Yes,Yes,7400.0,,No (for now),No,Unconfirmed,Rochester,,,,,,,,True,True,True,True,
7,36055008500,14612,independent living,No,No,2529.0,,Yes,"75%-100%, depending on performance",Unconfirmed,Rochester,,,,,,,,False,False,False,False,
7,36055008500,14612,independent living,No,No,3479.0,,Yes,"75%-100%, depending on performance",Unconfirmed,Rochester,,,,,,,,False,False,False,False,
7,36055008500,14612,independent living,No,No,3769.0,,Yes,"75%-100%, depending on performance",Unconfirmed,Rochester,,,,,,,,False,False,False,False,
8,0,14610,independent living,No,No,1895.0,,Yes,1,Available,Rochester,,,,,,,,False,True,False,False,
8,0,14610,independent living,No,No,1895.0,,Yes,1,Available,Rochester,,,,,,,,False,True,False,False,
8,0,14610,independent living,No,No,2295.0,,Yes,1,Available,Rochester,,,,,,,,False,True,False,False,
8,0,14610,independent living,No,No,2495.0,,Yes,1,Available,Rochester,,,,,,,,False,True,False,False,
8,0,14610,independent living,No,No,2595.0,,Yes,1,Available,Rochester,,,,,,,,False,True,False,False,
8,0,14610,independent living,No,No,2795.0,,Yes,1,Available,Rochester,,,,,,,,False,True,False,False,
8,0,14610,independent living,No,No,3295.0,,Yes,1,Available,Rochester,,,,,,,,False,True,False,False,
8,0,14610,independent living,No,No,3495.0,,Yes,1,Available,Rochester,,,,,,,,False,True,False,False,
8,0,14610,independent living,No,No,4195.0,,Yes,1,Available,Rochester,,,,,,,,False,True,False,False,
8,0,14610,independent living,No,No,4195.0,,Yes,1,Available,Rochester,,,,,,,,False,True,False,False,
9,0,14450,memory care,Yes,No,8531.0,,Yes,1,Unconfirmed,Rochester,,,,,,,,True,True,True,True,
9,0,14450,memory care,Yes,No,9495.0,,Yes,1,Unconfirmed,Rochester,,,,,,,,True,True,True,True,
9,0,14450,memory care,Yes,No,10598.0,,Yes,1,Unconfirmed,Rochester,,,,,,,,True,True,True,True,
10,36055014505,14514,memory care,Yes,No,7945.0,,Yes,1,Available,Rochester,,,,,,,,True,True,True,True,
10,36055014505,14514,memory care,Yes,No,9068.0,,Yes,1,Available,Rochester,,,,,,,,True,True,True,True,
10,36055014505,14514,memory care,Yes,No,10192.0,,Yes,1,Available,Rochester,,,,,,,,True,True,True,True,
11,36055006200,14619,assisted living,Yes,No,3090.0,,Yes,1,Unconfirmed,Rochester,,,,,,,,True,True,False,True,
11,36055006200,14619,memory care,Yes,No,5536.0,,Yes,1,Unconfirmed,Rochester,,,,,,,,True,True,True,True,
11,36055006200,14619,memory care,Yes,No,6633.0,,Yes,1,Unconfirmed,Rochester,,,,,,,,True,True,True,True,
11,36055006200,14619,memory care,Yes,No,7195.0,,Yes,1,Unconfirmed,Rochester,,,,,,,,True,True,True,True,
11,36055006200,14619,memory care,Yes,No,10192.0,,Yes,1,Unconfirmed,Rochester,,,,,,,,True,True,True,True,
12,36055011507,14580,assisted living,No,No,4570.0,500,Yes,0.9,Available,Rochester,,,,,,,,False,False,False,False,
12,36055011507,14580,assisted living,No,No,6985.0,500,Yes,0.9,Available,Rochester,,,,,,,,False,False,False,False,
12,36055011507,14580,assisted living,No,No,7060.0,500,Yes,0.9,Available,Rochester,,,,,,,,False,False,False,False,
12,36055011507,14580,assisted living,No,No,5320.0,500,Yes,0.9,Available,Rochester,,,,,,,,False,False,False,False,
12,36055011507,14580,memory care,No,No,6830.0,500,Yes,0.9,Available,Rochester,,,,,,,,False,False,True,False,
12,36055011507,14580,memory care,No,No,10640.0,500,Yes,0.9,Available,Rochester,,,,,,,,False,False,True,False,
13,36055011705,14450,independent living,No,No,1933.0,,Yes,0.9,1-2 months,Rochester,,,,,,,,False,False,False,False,
13,36055011705,14450,independent living,No,No,2590.0,,Yes,0.9,1-2 months,Rochester,,,,,,,,False,False,False,False,
13,36055011705,14450,independent living,No,No,3533.0,,Yes,0.9,1-2 months,Rochester,,,,,,,,False,False,False,False,
13,36055011705,14450,independent living,No,No,3789.0,,Yes,0.9,1-2 months,Rochester,,,,,,,,False,False,False,False,
14,36055011210,14580,assisted living,Yes,No,,,No,No,Unconfirmed,Rochester,,,,,,,,True,False,False,True,
15,36055013207,14467,independent living,No,No,,,Yes,No ,Unconfirmed,Rochester,,,,,,,,False,False,False,False,
16,36069050104,14564,independent living,No,No,,,Yes,No,Available,Rochester,,,,,,,,False,False,False,False,
17,36055013901,14616,independent living,No,No,2195.0,,Yes,1,Available,Rochester,,,,,,,,False,True,False,False,
17,36055013901,14616,independent living,No,No,2675.0,,Yes,1,Available,Rochester,,,,,,,,False,True,False,False,
17,36055013901,14616,independent living,No,No,2795.0,,Yes,1,Available,Rochester,,,,,,,,False,True,False,False,
17,36055013901,14616,independent living,No,No,3850.0,,Yes,1,Available,Rochester,,,,,,,,False,True,False,False,
17,36055013901,14616,independent living,No,No,2985.0,,Yes,1,Available,Rochester,,,,,,,,False,True,False,False,
18,36055014601,14428,independent living,No,No,1750.0,,Yes,1,Available,Rochester,,,,,,,,False,True,False,False,
18,36055014601,14428,independent living,No,No,2795.0,,Yes,1,Available,Rochester,,,,,,,,False,True,False,False,
18,36055014601,14428,independent living,No,No,3195.0,,Yes,1,Available,Rochester,,,,,,,,False,True,False,False,
18,36055014601,14428,independent living,No,No,3445.0,,Yes,1,Available,Rochester,,,,,,,,False,True,False,False,
18,36055014601,14428,independent living,No,No,3695.0,,Yes,1,Available,Rochester,,,,,,,,False,True,False,False,
18,36055014601,14428,independent living,No,No,3825.0,,Yes,1,Available,Rochester,,,,,,,,False,True,False,False,
19,36055011601,14526,independent living,No,No,2895.0,,Yes,No ,Unconfirmed,Rochester,,,,,,,,False,False,False,False,
20,36055012900,14618,independent living,No,No,2989.0,,Yes,1,Available,Rochester,,,,,,,,False,True,False,False,
20,36055012900,14618,independent living,No,No,3369.0,,Yes,1,Available,Rochester,,,,,,,,False,True,False,False,
20,36055012900,14618,independent living,No,No,4208.0,,Yes,1,Available,Rochester,,,,,,,,False,True,False,False,
21,36055012900,14618,independent living,Yes,Yes,4995.0,,Yes,No,Unconfirmed,Rochester,,,,,,,,True,True,False,True,
21,36055012900,14618,independent living,Yes,Yes,6750.0,,Yes,No,Unconfirmed,Rochester,,,,,,,,True,True,False,True,
21,36055012900,14618,independent living,Yes,Yes,7550.0,,Yes,No,Unconfirmed,Rochester,,,,,,,,True,True,False,True,
21,36055012900,14618,memory care,Yes,Yes,8195.0,,Yes,No,Unconfirmed,Rochester,,,,,,,,True,True,True,True,
22,36055003400,14620,assisted living,No,No,,,Yes,1,Unconfirmed,Rochester,,,,,,,,False,True,False,False,
23,36055011601,14526,assisted living,No,No,3500.0,,Yes,1,Available,Rochester,,,,,,,,False,True,False,False,
24,36055014103,14626,independent living,No,No,2250.0,,Yes,1,Available,Rochester,,,,,,,,False,True,False,False,
24,36055014103,14626,independent living,No,No,3500.0,,Yes,1,Available,Rochester,,,,,,,,False,True,False,False,
24,36055014103,14626,independent living,No,No,4700.0,,Yes,1,Available,Rochester,,,,,,,,False,True,False,False,
25,36055014104,14626,independent living,No,Yes,3650.0,,Yes,0.85,Available,Rochester,,,,,,,,False,True,False,True,
25,36055014104,14626,independent living,No,Yes,4335.0,,Yes,0.85,Available,Rochester,,,,,,,,False,True,False,True,
25,36055014104,14626,independent living,No,Yes,4560.0,,Yes,0.85,Available,Rochester,,,,,,,,False,True,False,True,
25,36055014104,14626,assisted living,No,Yes,5725.0,,Yes,0.85,Available,Rochester,,,,,,,,False,True,False,True,
25,36055014104,14626,assisted living,No,Yes,7265.0,,Yes,0.85,Available,Rochester,,,,,,,,False,True,False,True,
25,36055014104,14626,memory care,No,Yes,7265.0,,Yes,0.85,Available,Rochester,,,,,,,,False,True,True,True,
26,36055014505,14514,assisted living,No,No,3300.0,500,Yes,No,Available,Rochester,,,,,,,,False,False,False,False,
26,36055014505,14514,assisted living,No,No,4630.0,500,Yes,No,Available,Rochester,,,,,,,,False,False,False,False,
26,36055014505,14514,assisted living,No,No,5120.0,500,Yes,No,Available,Rochester,,,,,,,,False,False,False,False,
27,36055013005,14618,assisted living,Yes,Yes,5949.0,,No,No,Unconfirmed,Rochester,,,,,,,,True,True,False,True,
27,36055013005,14618,assisted living,Yes,Yes,7920.0,,No,No,Unconfirmed,Rochester,,,,,,,,True,True,False,True,
27,36055013005,14618,assisted living,Yes,Yes,8877.0,,No,No,Unconfirmed,Rochester,,,,,,,,True,True,False,True,
27,36055013005,14618,assisted living,Yes,Yes,9268.0,,No,No,Unconfirmed,Rochester,,,,,,,,True,True,False,True,
27,36055013005,14618,assisted living,Yes,Yes,9731.0,,No,No,Unconfirmed,Rochester,,,,,,,,True,True,False,True,
27,36055013005,14618,assisted living,Yes,Yes,10315.0,,No,No,Unconfirmed,Rochester,,,,,,,,True,True,False,True,
28,36117020302,14502,independent living,No,No,3110.0,,Yes,No,Available,Rochester,,,,,,,,False,False,False,False,
28,36117020302,14502,independent living,No,No,3515.0,,Yes,No,Available,Rochester,,,,,,,,False,False,False,False,
28,36117020302,14502,independent living,No,No,3690.0,,Yes,No,Available,Rochester,,,,,,,,False,False,False,False,
28,36117020302,14502,independent living,No,No,4350.0,,Yes,No,Available,Rochester,,,,,,,,False,False,False,False,
28,36117020302,14502,independent living,No,No,2915.0,,Yes,No,Available,Rochester,,,,,,,,False,False,False,False,
28,36117020302,14502,independent living,No,No,3050.0,,Yes,No,Available,Rochester,,,,,,,,False,False,False,False,
28,36117020302,14502,independent living,No,No,3295.0,,Yes,No,Available,Rochester,,,,,,,,False,False,False,False,
28,36117020302,14502,independent living,No,No,3415.0,,Yes,No,Available,Rochester,,,,,,,,False,False,False,False,
28,36117020302,14502,independent living,No,No,3365.0,,Yes,No,Available,Rochester,,,,,,,,False,False,False,False,
28,36117020302,14502,independent living,No,No,3490.0,,Yes,No,Available,Rochester,,,,,,,,False,False,False,False,
28,36117020302,14502,independent living,No,No,3420.0,,Yes,No,Available,Rochester,,,,,,,,False,False,False,False,
28,36117020302,14502,independent living,No,No,3510.0,,Yes,No,Available,Rochester,,,,,,,,False,False,False,False,
29,0,14432,independent living,No,No,3295.0,1000,Uncertain,No,Available,Rochester,,,,,,,,False,False,False,False,
29,0,14432,independent living,No,No,3795.0,1000,Uncertain,No,Available,Rochester,,,,,,,,False,False,False,False,
30,36055012900,14620,assisted living,No,No,7134.0,,No,No,Waitlist but Unspecified,Rochester,,,,,,,,False,False,False,False,
31,36055011711,14450,assisted living,Yes,No,3528.0,,Yes,1,Available,Rochester,,,,,,,,True,True,False,True,
31,36055011711,14450,assisted living,Yes,No,4632.0,,Yes,1,Available,Rochester,,,,,,,,True,True,False,True,
31,36055011711,14450,assisted living,Yes,No,5071.0,,Yes,1,Available,Rochester,,,,,,,,True,True,False,True,
31,36055011711,14450,memory care,Yes,No,6600.0,,Yes,1,Available,Rochester,,,,,,,,True,True,True,True,
32,36055013604,14612,assisted living,No,No,4765.0,,Yes,1,Available,Rochester,,,,,,,,False,True,False,False,
32,36055013604,14612,assisted living,No,No,5690.0,,Yes,1,Available,Rochester,,,,,,,,False,True,False,False,
32,36055013604,14612,assisted living,No,No,6000.0,,Yes,1,Available,Rochester,,,,,,,,False,True,False,False,
32,36055013604,14612,assisted living,No,No,6180.0,,Yes,1,Available,Rochester,,,,,,,,False,True,False,False,
33,36055013604,14612,memory care,No,No,5620.0,,Yes,1,Available,Rochester,,,,,,,,False,True,True,False,
33,36055013604,14612,memory care,No,No,7145.0,,Yes,1,Available,Rochester,,,,,,,,False,True,True,False,
33,36055013604,14612,memory care,No,No,7580.0,,Yes,1,Available,Rochester,,,,,,,,False,True,True,False,
34,36055012900,14620,independent living,No,No,,,Prob not but might be open to one-off,No,Waitlist but Unspecified,Rochester,,,,,,,,False,False,False,False,
35,36055011000,14609,memory care,Yes,No,4745.0,,Yes,No,Available,Rochester,,,,,,,,True,False,True,True,
35,36055011000,14609,memory care,Yes,No,5995.0,,Yes,No,Available,Rochester,,,,,,,,True,False,True,True,
35,36055011000,14609,memory care,Yes,No,6495.0,,Yes,No,Available,Rochester,,,,,,,,True,False,True,True,
35,36055011000,14609,assisted living,Yes,No,3120.0,,Yes,No,Available,Rochester,,,,,,,,True,False,False,True,
35,36055011000,14609,assisted living,Yes,No,3570.0,,Yes,No,Available,Rochester,,,,,,,,True,False,False,True,
35,36055011000,14609,assisted living,Yes,No,4245.0,,Yes,No,Available,Rochester,,,,,,,,True,False,False,True,
35,36055011000,14609,assisted living,Yes,No,4520.0,,Yes,No,Available,Rochester,,,,,,,,True,False,False,True,
35,36055011000,14609,assisted living,Yes,No,5820.0,,Yes,No,Available,Rochester,,,,,,,,True,False,False,True,
36,36055014102,14626,assisted living,Yes,No,3169.0,,Yes,1,Available,Rochester,,,,,,,,True,True,False,True,
36,36055014102,14626,memory care,Yes,No,6000.0,,Yes,1,Available,Rochester,,,,,,,,True,True,True,True,
37,36055013901,14616,assisted living,Yes,No,3372.0,,Yes,No,Waitlist but Unspecified,Rochester,,,,,,,,True,False,False,True,
37,36055013901,14616,memory care,Yes,No,4286.0,,Yes,No,Waitlist but Unspecified,Rochester,,,,,,,,True,False,True,True,
37,36055013901,14616,independent living,Yes,No,5603.0,,Yes,No,Waitlist but Unspecified,Rochester,,,,,,,,True,False,False,True,
38,36055014004,14615,assisted living,Yes,No,2995.0,,Yes,1,Available,Rochester,,,,,,,,True,True,False,True,
38,36055014004,14615,assisted living,Yes,No,4725.0,,Yes,1,Available,Rochester,,,,,,,,True,True,False,True,
38,36055014004,14615,assisted living,Yes,No,5195.0,,Yes,1,Available,Rochester,,,,,,,,True,True,False,True,
38,36055014004,14615,assisted living,Yes,No,5695.0,,Yes,1,Available,Rochester,,,,,,,,True,True,False,True,
38,36055014004,14615,assisted living,Yes,No,5495.0,,Yes,1,Available,Rochester,,,,,,,,True,True,False,True,
38,36055014004,14615,assisted living,Yes,No,7225.0,,Yes,1,Available,Rochester,,,,,,,,True,True,False,True,
38,36055014004,14615,assisted living,Yes,No,7695.0,,Yes,1,Available,Rochester,,,,,,,,True,True,False,True,
38,36055014004,14615,assisted living,Yes,No,8195.0,,Yes,1,Available,Rochester,,,,,,,,True,True,False,True,
38,36055014004,14615,memory care,Yes,No,5395.0,,Yes,1,Available,Rochester,,,,,,,,True,True,True,True,
38,36055014004,14615,memory care,Yes,No,7025.0,,Yes,1,Available,Rochester,,,,,,,,True,True,True,True,
38,36055014004,14615,memory care,Yes,No,7245.0,,Yes,1,Available,Rochester,,,,,,,,True,True,True,True,
38,36055014004,14615,memory care,Yes,No,7925.0,,Yes,1,Available,Rochester,,,,,,,,True,True,True,True,
38,36055014004,14615,memory care,Yes,No,5945.0,,Yes,1,Available,Rochester,,,,,,,,True,True,True,True,
39,36055013509,14626,assisted living,No,Yes,4525.0,,No,No,Unconfirmed,Rochester,,,,,,,,False,True,False,True,
39,36055013509,14626,assisted living,No,Yes,6450.0,,No,No,Unconfirmed,Rochester,,,,,,,,False,True,False,True,
39,36055013509,14626,assisted living,No,Yes,7250.0,,No,No,Unconfirmed,Rochester,,,,,,,,False,True,False,True,
39,36055013509,14626,memory care,No,Yes,5700.0,,No,No,Unconfirmed,Rochester,,,,,,,,False,True,True,True,
39,36055013509,14626,memory care,No,Yes,6300.0,,No,No,Unconfirmed,Rochester,,,,,,,,False,True,True,True,
39,36055013509,14626,memory care,No,Yes,7100.0,,No,No,Unconfirmed,Rochester,,,,,,,,False,True,True,True,
40,36055013205,14467,assisted living,No,No,3600.0,,Yes,No,Available,Rochester,,,,,,,,False,False,False,False,
40,36055013205,14467,assisted living,No,No,4975.0,,Yes,No,Available,Rochester,,,,,,,,False,False,False,False,
41,36055010901,14609,memory care,No,No,,,No,No,Available,Rochester,,,,,,,,False,False,True,False,
42,36055012202,14534,memory care,No,Yes,,,Very Likely No,No,12+ months,Rochester,,,,,,,,False,True,True,True,
43,36055012202,14534,independent living,No,Yes,,,Very Likely No,No,7-12 months,Rochester,,,,,,,,False,True,False,True,
43,36055012202,14534,assisted living,No,Yes,,,Very Likely No,No,7-12 months,Rochester,,,,,,,,False,True,False,True,
44,36055012202,14534,memory care,No,Yes,,,Very Likely No,No,7-12 months,Rochester,,,,,,,,False,True,True,True,
45,36055011504,14526,assisted living,No,Yes,6140.0,"First Month’s Rent
Refundable
",Yes,0.85,1-2 months,Rochester,,,,,,,,False,True,False,True,
45,36055011504,14526,assisted living,No,Yes,6525.0,"First Month’s Rent
Refundable
",Yes,0.85,1-2 months,Rochester,,,,,,,,False,True,False,True,
45,36055011504,14526,memory care,No,Yes,7535.0,"First Month’s Rent
Refundable
",Yes,0.85,1-2 months,Rochester,,,,,,,,False,True,True,True,
46,36055013207,14467,assisted living,No,Yes,6000.0,"First Month’s Rent
Refundable
",Yes,0.85,Available,Rochester,,,,,,,,False,True,False,True,
46,36055013207,14467,assisted living,No,Yes,6370.0,"First Month’s Rent
Refundable
",Yes,0.85,Available,Rochester,,,,,,,,False,True,False,True,
46,36055013207,14467,assisted living,No,Yes,6410.0,"First Month’s Rent
Refundable
",Yes,0.85,Available,Rochester,,,,,,,,False,True,False,True,
47,0,14472,independent living,No,No,2940.0,"Non Refundable Maintenance Fee $2,200",Yes,0.85,Unconfirmed,Rochester,,,,,,,,False,False,False,False,
47,0,14472,independent living,Yes,Yes,2050.0,"Non Refundable Maintenance Fee $2,200",Yes,0.85,Unconfirmed,Rochester,,,,,,,,True,True,False,True,
48,36055014202,14624,assisted living,Yes,Yes,6000.0,First Month’s Rent Refundable,Yes,0.85,Waitlist but Unspecified,Rochester,,,,,,,,True,True,False,True,
48,36055014202,14624,assisted living,Yes,Yes,6410.0,First Month’s Rent Refundable,Yes,0.85,Waitlist but Unspecified,Rochester,,,,,,,,True,True,False,True,
48,36055014202,14624,memory care,Yes,Yes,5060.0,First Month’s Rent Refundable,Yes,0.85,1-2 months,Rochester,,,,,,,,True,True,True,True,
48,36055014202,14624,memory care,Yes,Yes,7030.0,First Month’s Rent Refundable,Yes,0.85,1-2 months,Rochester,,,,,,,,True,True,True,True,
48,36055014202,14624,memory care,Yes,Yes,10120.0,First Month’s Rent Refundable,Yes,0.85,1-2 months,Rochester,,,,,,,,True,True,True,True,
48,36055014202,14624,independent living,Yes,Yes,2545.0,First Month's Rent Non-Refundable,Yes,0.85,Unconfirmed,Rochester,,,,,,,,True,True,False,True,
48,36055014202,14624,independent living,Yes,Yes,2705.0,First Month's Rent Non-Refundable,Yes,0.85,Unconfirmed,Rochester,,,,,,,,True,True,False,True,
49,36055007801,14610,independent living,No,Yes,2420.0,,Yes,0.85,Available,Rochester,,,,,,,,False,True,False,True,
49,36055007801,14610,independent living,No,Yes,3300.0,,Yes,0.85,Available,Rochester,,,,,,,,False,True,False,True,
50,36055003807,14620,independent living,No,No,1950.0,"Non Refundable Maintenance Fee $2,200",Yes,0.85,Available,Rochester,,,,,,,,False,False,False,False,
50,36055003807,14620,independent living,No,No,2955.0,"Non Refundable Maintenance Fee $2,200",Yes,0.85,Available,Rochester,,,,,,,,False,False,False,False,
50,36055003807,14620,independent living,No,No,3095.0,"Non Refundable Maintenance Fee $2,200",Yes,0.85,Available,Rochester,,,,,,,,False,False,False,False,
51,36055010902,14622,independent living,No,No,1490.0,"First Month’s Rent
Non-Refundable
",Yes,0.85,Available,Rochester,,,,,,,,False,False,False,False,
51,36055010902,14622,independent living,No,No,1835.0,"First Month’s Rent
Non-Refundable
",Yes,0.85,Available,Rochester,,,,,,,,False,False,False,False,
51,36055010902,14622,independent living,No,No,2050.0,"First Month’s Rent
Non-Refundable
",Yes,0.85,Available,Rochester,,,,,,,,False,False,False,False,
52,0,14432,independent living,No,No,3775.0,,Uncertain,No,Unconfirmed,Rochester,,,,,,,,False,False,False,False,
52,0,14432,independent living,No,No,4275.0,,Uncertain,No,Unconfirmed,Rochester,,,,,,,,False,False,False,False,
52,0,14432,active / senior living,No,No,3795.0,,Uncertain,No,Unconfirmed,Rochester,,,,,,,,False,False,False,False,
52,0,14432,active / senior living,No,No,4275.0,,Uncertain,No,Unconfirmed,Rochester,,,,,,,,False,False,False,False,
52,0,14432,assisted living,No,No,5985.0,,Uncertain,No,Unconfirmed,Rochester,,,,,,,,False,False,False,False,
52,0,14432,assisted living,No,No,6485.0,,Uncertain,No,Unconfirmed,Rochester,,,,,,,,False,False,False,False,
53,36055013701,14616,independent living,No,No,1165.0,"First Month’s Rent
Non-Refundable
",Yes,No,Unconfirmed,Rochester,,,,,,,,False,False,False,False,
53,36055013701,14616,independent living,No,No,1355.0,"First Month’s Rent
Non-Refundable
",Yes,No,Unconfirmed,Rochester,,,,,,,,False,False,False,False,
53,36055013701,14616,independent living,No,No,1525.0,"First Month’s Rent
Non-Refundable
",Yes,No,Unconfirmed,Rochester,,,,,,,,False,False,False,False,
54,36055013207,14476,independent living,No,No,,,No,No,Unconfirmed,Rochester,,,,,,,,False,False,False,False,
54,36055013207,14476,independent living,No,No,,,No,No,Unconfirmed,Rochester,,,,,,,,False,False,False,False,
55,36055003700,14620,assisted living,No,No,,,No,No,Available,Rochester,,,,,,,,False,False,False,False,
56,0,14468,assisted living,No,No,,,No,No,Available,Rochester,,,,,,,,False,False,False,False,
57,36069051501,14456,assisted living,No,No,3192.0,,Yes,No,Available,Rochester,,,,,,,,False,False,False,False,
57,36069051501,14456,assisted living,No,No,3450.0,,Yes,No,Available,Rochester,,,,,,,,False,False,False,False,
57,36069051501,14456,assisted living,No,No,4836.0,,Yes,No,Available,Rochester,,,,,,,,False,False,False,False,
57,36069051501,14456,assisted living,No,No,4900.0,,Yes,No,Available,Rochester,,,,,,,,False,False,False,False,
57,36069051501,14456,assisted living,No,No,5600.0,,Yes,No,Available,Rochester,,,,,,,,False,False,False,False,
57,36069051501,14456,assisted living,No,No,6204.0,,Yes,No,Available,Rochester,,,,,,,,False,False,False,False,
57,36069051501,14456,memory care,No,No,5179.0,,Yes,No,Available,Rochester,,,,,,,,False,False,True,False,
57,36069051501,14456,memory care,No,No,5463.0,,Yes,No,Available,Rochester,,,,,,,,False,False,True,False,
58,36055011901,14450,assisted living,No,No,5200.0,,Yes,No,Available,Rochester,,,,,,,,False,False,False,False,
58,36055011901,14450,assisted living,No,No,6300.0,,Yes,No,Available,Rochester,,,,,,,,False,False,False,False,
59,36055013005,14618,independent living,No,No,,,No,No,Unconfirmed,Rochester,,,,,,,,False,False,False,False,
60,36055013005,14618,memory care,No,No,,,No,No,Unconfirmed,Rochester,,,,,,,,False,False,True,False,
30,36055012900,14620,independent living,No,Yes,,,Prob not but might be open to one-off,No,Waitlist but Unspecified,Rochester,,,,,,,,False,True,False,True,
30,36055012900,14620,assisted living,No,Yes,,,Prob not but might be open to one-off,No,Waitlist but Unspecified,Rochester,,,,,,,,False,True,False,True,
61,36055012900,14620,assisted living,Yes,No,,,Prob not but might be open to one-off,No,Waitlist but Unspecified,Rochester,,,,,,,,True,False,False,True,
62,36055010901,14621,independent living,No,No,3207.0,,No,No,Available,Rochester,,,,,,,,False,False,False,False,
62,36055010901,14621,independent living,No,No,3795.0,,No,No,Available,Rochester,,,,,,,,False,False,False,False,
62,36055010901,14621,independent living,No,No,4472.0,,No,No,Available,Rochester,,,,,,,,False,False,False,False,
62,36055010901,14621,independent living,No,No,4472.0,,No,No,Available,Rochester,,,,,,,,False,False,False,False,
62,36055010901,14621,independent living,No,No,4814.0,,No,No,Available,Rochester,,,,,,,,False,False,False,False,
62,36055010901,14621,independent living,No,No,4894.0,,No,No,Available,Rochester,,,,,,,,False,False,False,False,
63,36055012600,14610,independent living,No,No,,,No,No,Waitlist but Unspecified,Rochester,,,,,,,,False,False,False,False,
64,36055012201,14534,independent living,No,No,,,No,No,Waitlist but Unspecified,Rochester,,,,,,,,False,False,False,False,
65,36055014202,14624,active / senior living,No,No,,,Probably No,No,Unconfirmed,Rochester,,,,,,,,False,False,False,False,
66,36055011708,14450,active / senior living,No,No,,,Probably No,No,Unconfirmed,Rochester,,,,,,,,False,False,False,False,
67,36037951200,14482,independent living,No,No,,,Probably No,No,Unconfirmed,Rochester,,,,,,,,False,False,False,False,
68,36055014906,14559,active / senior living,No,No,,,Probably No,No,Unconfirmed,Rochester,,,,,,,,False,False,False,False,
69,36055014104,14626,active / senior living,No,No,,,Probably No,No,Unconfirmed,Rochester,,,,,,,,False,False,False,False,
70,0,,,No,No,,,Probably No,No,Unconfirmed,Rochester,,,,,,,,False,False,False,False,
71,0,,,No,No,,,Probably No,No,Unconfirmed,Rochester,,,,,,,,False,False,False,False,
72,0,,,No,No,,,Probably No,No,Unconfirmed,Rochester,,,,,,,,False,False,False,False,
73,36055015200,14420,assisted living,Yes,Yes,,,Maybe,No,Unconfirmed,Rochester,,,,,,,,True,True,False,True,
73,36055015200,14420,memory care,Yes,Yes,,,Maybe,No,Unconfirmed,Rochester,,,,,,,,True,True,True,True,
,,,,,,,,,,,Source,,,,,,,,False,False,False,False,
,,,,,,,,,,,Source,,,,,,,,False,False,False,False,
,,,,,,,,,,,Source,,,,,,,,False,False,False,False,
,,,,,,,,,,,Source,,,,,,,,False,False,False,False,
,,,,,,,,,,,Source,,,,,,,,False,False,False,False,
,,,,,,,,,,,Source,,,,,,,,False,False,False,False,
,,,,,,,,,,,Source,,,,,,,,False,False,False,False,
,,,,,,,,,,,Source,,,,,,,,False,False,False,False,
,,,,,,,,,,,Source,,,,,,,,False,False,False,False,
,,,,,,,,,,,Source,,,,,,,,False,False,False,False,
,,,,,,,,,,,Source,,,,,,,,False,False,False,False,
,,,,,,,,,,,Source,,,,,,,,False,False,False,False,
,,,,,,,,,,,Source,,,,,,,,False,False,False,False,
,,,,,,,,,,,Source,,,,,,,,False,False,False,False,
,,,,,,,,,,,Source,,,,,,,,False,False,False,False,
,,,,,,,,,,,Source,,,,,,,,False,False,False,False,
,,,,,,,,,,,Source,,,,,,,,False,False,False,False,
,,,,,,,,,,,Source,,,,,,,,False,False,False,False,
,,,,,,,,,,,Source,,,,,,,,False,False,False,False,
,,,,,,,,,,,Source,,,,,,,,False,False,False,False,
,,,,,,,,,,,Source,,,,,,,,False,False,False,False,
,,,,,,,,,,,Source,,,,,,,,False,False,False,False,
,,,,,,,,,,,Source,,,,,,,,False,False,False,False,
,,,,,,,,,,,Source,,,,,,,,False,False,False,False,
,,,,,,,,,,,Source,,,,,,,,False,False,False,False,
,,,,,,,,,,,Source,,,,,,,,False,False,False,False,
,,,,,,,,,,,Source,,,,,,,,False,False,False,False,
,,,,,,,,,,,Source,,,,,,,,False,False,False,False,
,,,,,,,,,,,Source,,,,,,,,False,False,False,False,
,,14534,,,,5660.0,,Yes,"Yes (80%, July 2017)",,Map_load_03182025,"ALL2811 CRD
Cate Sirko ",https://www.brookdale.com/en/communities/brookdale-pittsford.html?cid=yext,585-249-9990,159 Sully's Trail,Pittsford,NY,,False,False,False,False,
,,14534,,,,4450.0,,Yes,"Yes (80%, July 2017)",,Map_load_03182025,"ALL2811 CRD
Cate Sirko ",https://www.brookdale.com/en/communities/brookdale-pittsford.html?cid=yext,585-249-9990,159 Sully's Trail,Pittsford,NY,,False,False,False,False,
,,14580,,,,4045.0,500,Yes,"Yes, 60%, for long-term stays and 30% of 1st week for short-term stays, October 2015",,Map_load_03182025,Sally Cramer,https://www.seniorlifestyle.com/property/new-york/castle-pointe-at-baywinde/,585-670-7300,200 Kidd Castle Way,Webster,NY,,False,False,False,False,
,,14580,,,,4620.0,500,Yes,"Yes, 60%, for long-term stays and 30% of 1st week for short-term stays, October 2015",,Map_load_03182025,Sally Cramer,https://www.seniorlifestyle.com/property/new-york/castle-pointe-at-baywinde/,585-670-7300,200 Kidd Castle Way,Webster,NY,,False,False,False,False,
,,14580,,,,5735.0,500,Yes,"Yes, 60%, for long-term stays and 30% of 1st week for short-term stays, October 2015",,Map_load_03182025,Sally Cramer,https://www.seniorlifestyle.com/property/new-york/castle-pointe-at-baywinde/,585-670-7300,200 Kidd Castle Way,Webster,NY,,False,False,False,False,
,,14580,,,,6150.0,500,Yes,"Yes, 60%, for long-term stays and 30% of 1st week for short-term stays, October 2015",,Map_load_03182025,Sally Cramer,https://www.seniorlifestyle.com/property/new-york/castle-pointe-at-baywinde/,585-670-7300,200 Kidd Castle Way,Webster,NY,,False,False,False,False,
,,14534,,,,4539.0,,No,No,,Map_load_03182025,Samantha (Sam) Tercero,https://www.friendlyseniorliving.org/cloverwood/,585-248-1100,1 Sinclair Dr,Pittsford,NY,,False,False,False,False,
,,14534,,,,4838.0,,No,No,,Map_load_03182025,Samantha (Sam) Tercero,https://www.friendlyseniorliving.org/cloverwood/,585-248-1100,1 Sinclair Dr,Pittsford,NY,,False,False,False,False,
,,14534,,,,4934.0,,No,No,,Map_load_03182025,Samantha (Sam) Tercero,https://www.friendlyseniorliving.org/cloverwood/,585-248-1100,1 Sinclair Dr,Pittsford,NY,,False,False,False,False,
,,14534,,,,7133.0,,No,No,,Map_load_03182025,Samantha (Sam) Tercero,https://www.friendlyseniorliving.org/glenmere/,585-789-4605,1 Wheatley Terrace,Pittsford,NY,,False,False,False,False,
,,14534,,,,8526.0,,No,No,,Map_load_03182025,Samantha (Sam) Tercero,https://www.friendlyseniorliving.org/glenmere/,585-789-4605,1 Wheatley Terrace,Pittsford,NY,,False,False,False,False,
,,14534,,,,7984.0,,No,No,,Map_load_03182025,Samantha (Sam) Tercero,https://www.friendlyseniorliving.org/glenmere/,585-789-4605,1 Wheatley Terrace,Pittsford,NY,,False,False,False,False,
,,14534,,,,9669.0,,No,No,,Map_load_03182025,Samantha (Sam) Tercero,https://www.friendlyseniorliving.org/glenmere/,585-789-4605,1 Wheatley Terrace,Pittsford,NY,,False,False,False,False,
,,14534,,,,9931.0,,No,No,,Map_load_03182025,Samantha (Sam) Tercero,https://www.friendlyseniorliving.org/glenmere/,585-789-4605,1 Wheatley Terrace,Pittsford,NY,,False,False,False,False,
,,14534,,,,10539.0,,No,No,,Map_load_03182025,Samantha (Sam) Tercero,https://www.friendlyseniorliving.org/glenmere/,585-789-4605,1 Wheatley Terrace,Pittsford,NY,,False,False,False,False,
,,14534,,,,8854.0,,No,No,,Map_load_03182025,Samantha (Sam) Tercero,https://www.friendlyseniorliving.org/glenmere/,585-789-4605,1 Wheatley Terrace,Pittsford,NY,,False,False,False,False,
,,14534,,,,9706.0,,No,No,,Map_load_03182025,Samantha (Sam) Tercero,https://www.friendlyseniorliving.org/glenmere/,585-789-4605,1 Wheatley Terrace,Pittsford,NY,,False,False,False,False,
,,14534,,,,6300.0,,No (for now),No,,Map_load_03182025,Patricia Apple,https://www.heatherheights.com/,585-264-1600,160 W Jefferson Rd,Pittsford,NY,,False,False,False,False,
,,14534,,,,7290.0,,No (for now),No,,Map_load_03182025,Patricia Apple,https://www.heatherheights.com/,585-264-1600,160 W Jefferson Rd,Pittsford,NY,,False,False,False,False,
,,14534,,,,8380.0,,No (for now),No,,Map_load_03182025,Patricia Apple,https://www.heatherheights.com/,585-264-1600,160 W Jefferson Rd,Pittsford,NY,,False,False,False,False,
,,14534,,,,7150.0,,No (for now),No,,Map_load_03182025,Patricia Apple,https://www.heatherheights.com/,585-264-1600,160 W Jefferson Rd,Pittsford,NY,,False,False,False,False,
,,14526,,,,4950.0,,No (for now),No,,Map_load_03182025,Melissa Faucher,https://www.heathwoodassistedliving.com/,585-425-9663,100 Elderwood Ct,Penfield,NY,,False,False,False,False,
,,14526,,,,5700.0,,No (for now),No,,Map_load_03182025,Melissa Faucher,https://www.heathwoodassistedliving.com/,585-425-9663,100 Elderwood Ct,Penfield,NY,,False,False,False,False,
,,14526,,,,5900.0,,No (for now),No,,Map_load_03182025,Melissa Faucher,https://www.heathwoodassistedliving.com/,585-425-9663,100 Elderwood Ct,Penfield,NY,,False,False,False,False,
,,14526,,,,6200.0,,No (for now),No,,Map_load_03182025,Melissa Faucher,https://www.heathwoodassistedliving.com/,585-425-9663,100 Elderwood Ct,Penfield,NY,,False,False,False,False,
,,14526,,,,6800.0,,No (for now),No,,Map_load_03182025,Melissa Faucher,https://www.heathwoodassistedliving.com/,585-425-9663,100 Elderwood Ct,Penfield,NY,,False,False,False,False,
,,14526,,,,7200.0,,No (for now),No,,Map_load_03182025,Melissa Faucher,https://www.heathwoodassistedliving.com/,585-425-9663,100 Elderwood Ct,Penfield,NY,,False,False,False,False,
,,14526,,,,7400.0,,No (for now),No,,Map_load_03182025,Melissa Faucher,https://www.heathwoodassistedliving.com/,585-425-9663,100 Elderwood Ct,Penfield,NY,,False,False,False,False,
,,14612,,,,2529.0,,Uncertain,"Yes, 20%, December 2022",,Map_load_03182025,Marketing Director,https://holidayseniorliving.com/retirement-communities/holiday-fleming-point-rochester-ny,585-877-9067,720 Latta Rd,Rochester (Charlotte),NY,,False,False,False,False,
,,14612,,,,3479.0,,Uncertain,"Yes, 20%, December 2023",,Map_load_03182025,Marketing Director,https://holidayseniorliving.com/retirement-communities/holiday-fleming-point-rochester-ny,585-877-9067,720 Latta Rd,Rochester (Charlotte),NY,,False,False,False,False,
,,14612,,,,3769.0,,Uncertain,"Yes, 20%, December 2024",,Map_load_03182025,Marketing Director,https://holidayseniorliving.com/retirement-communities/holiday-fleming-point-rochester-ny,585-877-9067,720 Latta Rd,Rochester (Charlotte),NY,,False,False,False,False,
,,14610,,,,1895.0,,Yes,"Yes (100%, Feb 2025)",,Map_load_03182025,Michaela Bleier,legacycloverblossom.watermarkcommunities.com,585-218-9000,100 McAuley Drive,Rochester (Browncroft),NY,,False,False,False,False,
,,14610,,,,1895.0,,Yes,"Yes (100%, Feb 2025)",,Map_load_03182025,Michaela Bleier,legacycloverblossom.watermarkcommunities.com,585-218-9000,100 McAuley Drive,Rochester (Browncroft),NY,,False,False,False,False,
,,14610,,,,2295.0,,Yes,"Yes (100%, Feb 2025)",,Map_load_03182025,Michaela Bleier,legacycloverblossom.watermarkcommunities.com,585-218-9000,100 McAuley Drive,Rochester (Browncroft),NY,,False,False,False,False,
,,14610,,,,2495.0,,Yes,"Yes (100%, Feb 2025)",,Map_load_03182025,Michaela Bleier,legacycloverblossom.watermarkcommunities.com,585-218-9000,100 McAuley Drive,Rochester (Browncroft),NY,,False,False,False,False,
,,14610,,,,2595.0,,Yes,"Yes (100%, Feb 2025)",,Map_load_03182025,Michaela Bleier,legacycloverblossom.watermarkcommunities.com,585-218-9000,100 McAuley Drive,Rochester (Browncroft),NY,,False,False,False,False,
,,14610,,,,2795.0,,Yes,"Yes (100%, Feb 2025)",,Map_load_03182025,Michaela Bleier,legacycloverblossom.watermarkcommunities.com,585-218-9000,100 McAuley Drive,Rochester (Browncroft),NY,,False,False,False,False,
,,14610,,,,3295.0,,Yes,"Yes (100%, Feb 2025)",,Map_load_03182025,Michaela Bleier,legacycloverblossom.watermarkcommunities.com,585-218-9000,100 McAuley Drive,Rochester (Browncroft),NY,,False,False,False,False,
,,14610,,,,3495.0,,Yes,"Yes (100%, Feb 2025)",,Map_load_03182025,Michaela Bleier,legacycloverblossom.watermarkcommunities.com,585-218-9000,100 McAuley Drive,Rochester (Browncroft),NY,,False,False,False,False,
,,14610,,,,4195.0,,Yes,"Yes (100%, Feb 2025)",,Map_load_03182025,Michaela Bleier,legacycloverblossom.watermarkcommunities.com,585-218-9000,100 McAuley Drive,Rochester (Browncroft),NY,,False,False,False,False,
,,14610,,,,4195.0,,Yes,"Yes (100%, Feb 2025)",,Map_load_03182025,Michaela Bleier,legacycloverblossom.watermarkcommunities.com,585-218-9000,100 McAuley Drive,Rochester (Browncroft),NY,,False,False,False,False,
,,14450,,,,8531.0,,Yes,No,,Map_load_03182025,Valerie Hoak,https://www.rph.org/creekstone,585-235-9100,20 Crossing Creek Dr,Fairport,NY,,False,False,False,False,
,,14450,,,,9495.0,,Yes,No,,Map_load_03182025,Valerie Hoak,https://www.rph.org/creekstone,585-235-9100,20 Crossing Creek Dr,Fairport,NY,,False,False,False,False,
,,14450,,,,10598.0,,Yes,No,,Map_load_03182025,Valerie Hoak,https://www.rph.org/creekstone,585-235-9100,20 Crossing Creek Dr,Fairport,NY,,False,False,False,False,
,,14514,,,,7945.0,,Yes,No,,Map_load_03182025,Valerie Hoak,https://www.rph.org/cottage-grove,585-235-9100,48 Cottage Grove Cir,North Chili,NY,,False,False,False,False,
,,14514,,,,9068.0,,Yes,No,,Map_load_03182025,Valerie Hoak,https://www.rph.org/cottage-grove,585-235-9100,48 Cottage Grove Cir,North Chili,NY,,False,False,False,False,
,,14514,,,,10192.0,,Yes,No,,Map_load_03182025,Valerie Hoak,https://www.rph.org/cottage-grove,585-235-9100,48 Cottage Grove Cir,North Chili,NY,,False,False,False,False,
,,14619,,,,3090.0,,Yes,No,,Map_load_03182025,Valerie Hoak,https://www.rph.org/the-homestead,585-235-9100,256 Thurston Rd,19Th Ward,NY,,False,False,False,False,
,,14619,,,,5536.0,,Yes,No,,Map_load_03182025,Valerie Hoak,https://www.rph.org/the-homestead,585-235-9100,256 Thurston Rd,19Th Ward,NY,,False,False,False,False,
,,14619,,,,6633.0,,Yes,No,,Map_load_03182025,Valerie Hoak,https://www.rph.org/the-homestead,585-235-9100,256 Thurston Rd,19Th Ward,NY,,False,False,False,False,
,,14619,,,,7195.0,,Yes,No,,Map_load_03182025,Valerie Hoak,https://www.rph.org/the-homestead,585-235-9100,256 Thurston Rd,19Th Ward,NY,,False,False,False,False,
,,14619,,,,10192.0,,Yes,No,,Map_load_03182025,Valerie Hoak,https://www.rph.org/the-homestead,585-235-9100,256 Thurston Rd,19Th Ward,NY,,False,False,False,False,
,,14580,,,,4570.0,500,Yes,"Yes, 60%, for long-term stays and 30% of 1st week for short-term stays, October 2015

Pending Contract with hopefully better terms",,Map_load_03182025,Sally Cramer,https://www.seniorlifestyle.com/property/new-york/sage-harbor-at-baywinde/,585-670-7185,100 Kidd Castle Way,Webster,NY,,False,False,False,False,
,,14580,,,,6985.0,500,Yes,"Yes, 60%, for long-term stays and 30% of 1st week for short-term stays, October 2015

Pending Contract with hopefully better terms",,Map_load_03182025,Sally Cramer,https://www.seniorlifestyle.com/property/new-york/sage-harbor-at-baywinde/,585-670-7185,100 Kidd Castle Way,Webster,NY,,False,False,False,False,
,,14580,,,,7060.0,500,Yes,"Yes, 60%, for long-term stays and 30% of 1st week for short-term stays, October 2015

Pending Contract with hopefully better terms",,Map_load_03182025,Sally Cramer,https://www.seniorlifestyle.com/property/new-york/sage-harbor-at-baywinde/,585-670-7185,100 Kidd Castle Way,Webster,NY,,False,False,False,False,
,,14580,,,,5320.0,500,Yes,"Yes, 60%, for long-term stays and 30% of 1st week for short-term stays, October 2015

Pending Contract with hopefully better terms",,Map_load_03182025,Sally Cramer,https://www.seniorlifestyle.com/property/new-york/sage-harbor-at-baywinde/,585-670-7185,100 Kidd Castle Way,Webster,NY,"122 IL apts, 14 villas",False,False,False,False,
,,14580,,,,6830.0,500,Yes,"Yes, 60%, for long-term stays and 30% of 1st week for short-term stays, October 2015

Pending Contract with hopefully better terms",,Map_load_03182025,Sally Cramer,https://www.seniorlifestyle.com/property/new-york/sage-harbor-at-baywinde/,585-670-7185,100 Kidd Castle Way,Webster,NY,"122 IL apts, 14 villas",False,False,False,False,
,,14580,,,,10640.0,500,Yes,"Yes, 60%, for long-term stays and 30% of 1st week for short-term stays, October 2015

Pending Contract with hopefully better terms",,Map_load_03182025,Sally Cramer,https://www.seniorlifestyle.com/property/new-york/sage-harbor-at-baywinde/,585-670-7185,100 Kidd Castle Way,Webster,NY,"122 IL apts, 14 villas",False,False,False,False,
,,14450,,,,1933.0,,Yes,No (pending),,Map_load_03182025,Laurie Bennett,https://solsticeseniorlivingfairport.com/,585-598-1459,55 Ayrault Road,Fairport,NY,,False,False,False,False,
,,14450,,,,2590.0,,Yes,No (pending),,Map_load_03182025,Laurie Bennett,https://solsticeseniorlivingfairport.com/,585-598-1460,56 Ayrault Road,Fairport,NY,,False,False,False,False,
,,14450,,,,3533.0,,Yes,No (pending),,Map_load_03182025,Laurie Bennett,https://solsticeseniorlivingfairport.com/,585-598-1461,57 Ayrault Road,Fairport,NY,,False,False,False,False,
,,14450,,,,3789.0,,Yes,No (pending),,Map_load_03182025,Laurie Bennett,https://solsticeseniorlivingfairport.com/,585-598-1462,58 Ayrault Road,Fairport,NY,,False,False,False,False,
,,14580,,,,,,No,No,,Map_load_03182025,Laura Stamski,stannscommunity.com,585-697-6700,900 Cherry Ridge Blvd,Webster,NY,,False,False,False,False,
,,14467,,,,,,Uncertain (assuming Yes),Can I use the Parklands contract to cover everyone?,,Map_load_03182025,Marketing Director,https://www.seniorlifestyle.com/property/new-york/the-addison-of-erie-station/,585-334-5006,1545 Erie Station Rd,Henrietta,NY,,False,False,False,False,
,,14564,,,,,,Uncertain (assuming Yes),Can I use the Parklands contract to cover everyone?,,Map_load_03182025,Marketing Director,https://www.seniorlifestyle.com/property/new-york/the-addison-of-fairways/,585-924-7043,681 High St,Victor,NY,,False,False,False,False,
,,14616,,,,2195.0,,Yes,Can I use the Parklands contract to cover everyone?,,Map_load_03182025,Jared Birrittella,https://www.seniorlifestyle.com/property/new-york/the-addison-of-park-crescent/,585-865-0680,1000 Providence Circle,Greece,NY,,False,False,False,False,
,,14616,,,,2675.0,,Yes,"Yes, 60%, for long-term stays and 30% of 1st week for short-term stays, October 2015",,Map_load_03182025,Jared Birrittella,https://www.seniorlifestyle.com/property/new-york/the-addison-of-park-crescent/,585-865-0680,1000 Providence Circle,Greece,NY,,False,False,False,False,
,,14616,,,,2795.0,,Yes,"Yes, 60%, for long-term stays and 30% of 1st week for short-term stays, October 2015",,Map_load_03182025,Jared Birrittella,https://www.seniorlifestyle.com/property/new-york/the-addison-of-park-crescent/,585-865-0680,1000 Providence Circle,Greece,NY,,False,False,False,False,
,,14616,,,,3850.0,,Yes,"Yes, 60%, for long-term stays and 30% of 1st week for short-term stays, October 2015",,Map_load_03182025,Jared Birrittella,https://www.seniorlifestyle.com/property/new-york/the-addison-of-park-crescent/,585-865-0680,1000 Providence Circle,Greece,NY,,False,False,False,False,
,,14616,,,,2985.0,,Yes,"Yes, 60%, for long-term stays and 30% of 1st week for short-term stays, October 2015",,Map_load_03182025,Jared Birrittella,https://www.seniorlifestyle.com/property/new-york/the-addison-of-park-crescent/,585-865-0680,1000 Providence Circle,Greece,NY,,False,False,False,False,
,,14428,,,,1750.0,,Yes,"Have a contract with him for 100% so try to get paid on that one but there's also an old contract for 60%, for long-term stays and 30% of 1st week for short-term stays, October 2015",,Map_load_03182025,Daniel Peck,https://www.seniorlifestyle.com/property/new-york/the-addison-of-parklands/,585-889-6590,2000 Park Creek Ln,Churchville,NY,,False,False,False,False,
,,14428,,,,2795.0,,Yes,"Have a contract with him for 100% so try to get paid on that one but there's also an old contract for 60%, for long-term stays and 30% of 1st week for short-term stays, October 2016",,Map_load_03182025,Daniel Peck,https://www.seniorlifestyle.com/property/new-york/the-addison-of-parklands/,585-889-6590,2000 Park Creek Ln,Churchville,NY,,False,False,False,False,
,,14428,,,,3195.0,,Yes,"Have a contract with him for 100% so try to get paid on that one but there's also an old contract for 60%, for long-term stays and 30% of 1st week for short-term stays, October 2017",,Map_load_03182025,Daniel Peck,https://www.seniorlifestyle.com/property/new-york/the-addison-of-parklands/,585-889-6590,2000 Park Creek Ln,Churchville,NY,,False,False,False,False,
,,14428,,,,3445.0,,Yes,"Have a contract with him for 100% so try to get paid on that one but there's also an old contract for 60%, for long-term stays and 30% of 1st week for short-term stays, October 2018",,Map_load_03182025,Daniel Peck,https://www.seniorlifestyle.com/property/new-york/the-addison-of-parklands/,585-889-6590,2000 Park Creek Ln,Churchville,NY,,False,False,False,False,
,,14428,,,,3695.0,,Yes,"Have a contract with him for 100% so try to get paid on that one but there's also an old contract for 60%, for long-term stays and 30% of 1st week for short-term stays, October 2019",,Map_load_03182025,Daniel Peck,https://www.seniorlifestyle.com/property/new-york/the-addison-of-parklands/,585-889-6590,2000 Park Creek Ln,Churchville,NY,,False,False,False,False,
,,14428,,,,3825.0,,Yes,"Have a contract with him for 100% so try to get paid on that one but there's also an old contract for 60%, for long-term stays and 30% of 1st week for short-term stays, October 2020",,Map_load_03182025,Daniel Peck,https://www.seniorlifestyle.com/property/new-york/the-addison-of-parklands/,585-889-6590,2000 Park Creek Ln,Churchville,NY,,False,False,False,False,
,,14526,,,,,,Uncertain (assuming Yes),Can I use the Parklands contract to cover everyone?,,Map_load_03182025,Marketing Director,https://www.seniorlifestyle.com/property/new-york/the-addison-of-willow-pond/,585-388-7663,40 Willow Pond Way,Penfield,NY,,False,False,False,False,
,,14618,,,,2989.0,,Yes,"Yes, 100%, for long-term stays and 30% of 1st week for short-term stays, November 2024",,Map_load_03182025,Kate Montalbano,https://www.willowridgeseniorliving.com/communities/the-gables-of-brighton/,585-461-1880,2001 S Clinton Ave,Rochester (Brighton),NY,,False,False,False,False,
,,14618,,,,3369.0,,Yes,"Yes, 100%, for long-term stays and 30% of 1st week for short-term stays, November 2024",,Map_load_03182025,Kate Montalbano,https://www.willowridgeseniorliving.com/communities/the-gables-of-brighton/,585-461-1880,2001 S Clinton Ave,Rochester (Brighton),NY,,False,False,False,False,
,,14618,,,,4208.0,,Yes,"Yes, 100%, for long-term stays and 30% of 1st week for short-term stays, November 2024",,Map_load_03182025,Kate Montalbano,https://www.willowridgeseniorliving.com/communities/the-gables-of-brighton/,585-461-1880,2001 S Clinton Ave,Rochester (Brighton),NY,,False,False,False,False,
,,14618,,,,4995.0,,Yes,No (was sent to them in Summer),,Map_load_03182025,Sara DiVincenzo,https://bridgeseniorliving.com/locations/the-landing-of-brighton/,585-371-5626,1350 Westfall Rd,Rochester (Brighton),NY,,False,False,False,False,
,,14618,,,,6750.0,,Yes,No (was sent to them in Summer),,Map_load_03182025,Sara DiVincenzo,https://bridgeseniorliving.com/locations/the-landing-of-brighton/,585-371-5626,1350 Westfall Rd,Rochester (Brighton),NY,,False,False,False,False,
,,14618,,,,7550.0,,Yes,No (was sent to them in Summer),,Map_load_03182025,Sara DiVincenzo,https://bridgeseniorliving.com/locations/the-landing-of-brighton/,585-371-5626,1350 Westfall Rd,Rochester (Brighton),NY,,False,False,False,False,
,,14618,,,,8195.0,,Yes,No (was sent to them in Summer),,Map_load_03182025,Sara DiVincenzo,https://bridgeseniorliving.com/locations/the-landing-of-brighton/,585-371-5626,1350 Westfall Rd,Rochester (Brighton),NY,,False,False,False,False,
,,14620,,,,,,Yes,"Yes, 100%, (50/50 split) for long-term stays and 30% of 1st week for short-term stays, March 2015",,Map_load_03182025,Katherine M Clancy,https://www.thelindenhouse.info/,585-503-7509,209 Linden Street,Rochester (South Wedge),NY,,False,False,False,False,
,,14526,,,,,,Yes,Yes (pending extension from Gables to all Willow Ridge),,Map_load_03182025,Jeanette Cooper,https://www.willowridgeseniorliving.com/communities/the-village-at-penfield/,585381028,2006 5 Mile Line Road,Penfield,NY,,False,False,False,False,
,,14626,,,,2250.0,,Yes,Yes (pending extension from Gables to all Willow Ridge),,Map_load_03182025,Jay Piccarreto,https://www.willowridgeseniorliving.com/communities/the-village-at-towngate/,585-225-3010,150 Towngate Rd,Rochester (Greece),NY,,False,False,False,False,
,,14626,,,,3500.0,,Yes,Yes (pending extension from Gables to all Willow Ridge),,Map_load_03182025,Jay Piccarreto,https://www.willowridgeseniorliving.com/communities/the-village-at-towngate/,585-225-3010,150 Towngate Rd,Rochester (Greece),NY,,False,False,False,False,
,,14626,,,,4700.0,,Yes,Yes (pending extension from Gables to all Willow Ridge),,Map_load_03182025,Jay Piccarreto,https://www.willowridgeseniorliving.com/communities/the-village-at-towngate/,585-225-3010,150 Towngate Rd,Rochester (Greece),NY,,False,False,False,False,
,,14626,,,,3650.0,,Yes,No (have verbal + email agreement at 85% from Daneane but need a final signed),,Map_load_03182025,Daneane Nucci,https://www.leisurecare.com/our-communities/village-unity-the-hamlet/,585-723-7442,1471 Long Pond Rd,Rochester (Greece),NY,,False,False,False,False,
,,14626,,,,4335.0,,Yes,No (have verbal + email agreement at 85% from Daneane but need a final signed),,Map_load_03182025,Daneane Nucci,https://www.leisurecare.com/our-communities/village-unity-the-hamlet/,585-723-7443,1472 Long Pond Rd,Rochester (Greece),NY,,False,False,False,False,
,,14626,,,,4560.0,,Yes,No (have verbal + email agreement at 85% from Daneane but need a final signed),,Map_load_03182025,Daneane Nucci,https://www.leisurecare.com/our-communities/village-unity-the-hamlet/,585-723-7444,1473 Long Pond Rd,Rochester (Greece),NY,,False,False,False,False,
,,14626,,,,5725.0,,Yes,No (have verbal + email agreement at 85% from Daneane but need a final signed),,Map_load_03182025,Daneane Nucci,https://www.leisurecare.com/our-communities/village-unity-the-hamlet/,585-723-7445,1474 Long Pond Rd,Rochester (Greece),NY,,False,False,False,False,
,,14626,,,,7265.0,,Yes,No (have verbal + email agreement at 85% from Daneane but need a final signed),,Map_load_03182025,Daneane Nucci,https://www.leisurecare.com/our-communities/village-unity-the-hamlet/,585-723-7446,1475 Long Pond Rd,Rochester (Greece),NY,,False,False,False,False,
,,14626,,,,7265.0,,Yes,No (have verbal + email agreement at 85% from Daneane but need a final signed),,Map_load_03182025,Daneane Nucci,https://www.leisurecare.com/our-communities/village-unity-the-hamlet/,585-723-7447,1476 Long Pond Rd,Rochester (Greece),NY,,False,False,False,False,
,,14514,,,,3200.0,500,Yes,"No (but as of 2/25, contract is with their lawyer for review)",,Map_load_03182025,Bill Ficarra,https://www.depaul.org/locations/westwood-commons/,585-293-2060,50 Union Square Blvd,North Chili,NY,,False,False,False,False,
,,14514,,,,4630.0,500,Yes,"No (but as of 2/25, contract is with their lawyer for review)",,Map_load_03182025,Bill Ficarra,https://www.depaul.org/locations/westwood-commons/,585-293-2060,50 Union Square Blvd,North Chili,NY,,False,False,False,False,
,,14514,,,,5120.0,500,Yes,"No (but as of 2/25, contract is with their lawyer for review)",,Map_load_03182025,Bill Ficarra,https://www.depaul.org/locations/westwood-commons/,585-293-2060,50 Union Square Blvd,North Chili,NY,,False,False,False,False,
,,14618,,,,5949.0,,No,Don't suspect these guys will ever contract,,Map_load_03182025,Alison Bearer,www.wolkmanor.org,585-341-2307,4000 Summit Circle Drive,Rochester (Brighton),NY,,False,False,False,False,
,,14618,,,,7920.0,,No,Don't suspect these guys will ever contract,,Map_load_03182025,Alison Bearer,www.wolkmanor.org,585-341-2307,4000 Summit Circle Drive,Rochester (Brighton),NY,,False,False,False,False,
,,14618,,,,8877.0,,No,Don't suspect these guys will ever contract,,Map_load_03182025,Alison Bearer,www.wolkmanor.org,585-341-2307,4000 Summit Circle Drive,Rochester (Brighton),NY,,False,False,False,False,
,,14618,,,,9268.0,,No,Don't suspect these guys will ever contract,,Map_load_03182025,Alison Bearer,www.wolkmanor.org,585-341-2307,4000 Summit Circle Drive,Rochester (Brighton),NY,,False,False,False,False,
,,14618,,,,9731.0,,No,Don't suspect these guys will ever contract,,Map_load_03182025,Alison Bearer,www.wolkmanor.org,585-341-2307,4000 Summit Circle Drive,Rochester (Brighton),NY,,False,False,False,False,
,,14618,,,,10315.0,,No,Don't suspect these guys will ever contract,,Map_load_03182025,Alison Bearer,www.wolkmanor.org,585-341-2307,4000 Summit Circle Drive,Rochester (Brighton),NY,,False,False,False,False,
,,14502,,,,3110.0,,Yes,No (contract sent on 2/21 and said to be under review by ED),,Map_load_03182025,Lisa Caryl,https://www.parkwoodheights.com/,315-986-9100,1340 Parkwood Dr,Macedon,NY,,False,False,False,False,
,,14502,,,,3515.0,,Yes,No (contract sent on 2/21 and said to be under review by ED),,Map_load_03182025,Lisa Caryl,https://www.parkwoodheights.com/,315-986-9100,1340 Parkwood Dr,Macedon,NY,,False,False,False,False,
,,14502,,,,3690.0,,Yes,No (contract sent on 2/21 and said to be under review by ED),,Map_load_03182025,Lisa Caryl,https://www.parkwoodheights.com/,315-986-9100,1340 Parkwood Dr,Macedon,NY,,False,False,False,False,
,,14502,,,,4350.0,,Yes,No (contract sent on 2/21 and said to be under review by ED),,Map_load_03182025,Lisa Caryl,https://www.parkwoodheights.com/,315-986-9100,1340 Parkwood Dr,Macedon,NY,,False,False,False,False,
,,14502,,,,2915.0,,Yes,No (contract sent on 2/21 and said to be under review by ED),,Map_load_03182025,Lisa Caryl,https://www.parkwoodheights.com/,315-986-9100,1340 Parkwood Dr,Macedon,NY,,False,False,False,False,
,,14502,,,,3050.0,,Yes,No (contract sent on 2/21 and said to be under review by ED),,Map_load_03182025,Lisa Caryl,https://www.parkwoodheights.com/,315-986-9100,1340 Parkwood Dr,Macedon,NY,,False,False,False,False,
,,14502,,,,3295.0,,Yes,No (contract sent on 2/21 and said to be under review by ED),,Map_load_03182025,Lisa Caryl,https://www.parkwoodheights.com/,315-986-9100,1340 Parkwood Dr,Macedon,NY,,False,False,False,False,
,,14502,,,,3415.0,,Yes,No (contract sent on 2/21 and said to be under review by ED),,Map_load_03182025,Lisa Caryl,https://www.parkwoodheights.com/,315-986-9100,1340 Parkwood Dr,Macedon,NY,,False,False,False,False,
,,14502,,,,3365.0,,Yes,No (contract sent on 2/21 and said to be under review by ED),,Map_load_03182025,Lisa Caryl,https://www.parkwoodheights.com/,315-986-9100,1340 Parkwood Dr,Macedon,NY,,False,False,False,False,
,,14502,,,,3490.0,,Yes,No (contract sent on 2/21 and said to be under review by ED),,Map_load_03182025,Lisa Caryl,https://www.parkwoodheights.com/,315-986-9100,1340 Parkwood Dr,Macedon,NY,,False,False,False,False,
,,14502,,,,3420.0,,Yes,No (contract sent on 2/21 and said to be under review by ED),,Map_load_03182025,Lisa Caryl,https://www.parkwoodheights.com/,315-986-9100,1340 Parkwood Dr,Macedon,NY,,False,False,False,False,
,,14502,,,,3510.0,,Yes,No (contract sent on 2/21 and said to be under review by ED),,Map_load_03182025,Lisa Caryl,https://www.parkwoodheights.com/,315-986-9100,1340 Parkwood Dr,Macedon,NY,,False,False,False,False,
,,14432,,,,3295.0,1000,Uncertain,No,,Map_load_03182025,Susan Schermerhorn,https://ashtonplaceny.com/,315-462-3140,190 Ashton Ct,Clifton Springs,NY,,False,False,False,False,
,,14432,,,,3795.0,1000,Uncertain,No,,Map_load_03182025,Susan Schermerhorn,https://ashtonplaceny.com/,315-462-3140,190 Ashton Ct,Clifton Springs,NY,,False,False,False,False,
,,14620,,,,7134.0,,No (for now),Don't suspect these guys will ever contract. Let's consider all of St. John's on hold for now,,Map_load_03182025,Stephanie Krebbeks,https://www.stjohnsliving.org/community/st-johns-meadows/,585-442-1300,1 Johnsarbor Dr W,Pittsford,NY,,False,False,False,False,
,,14450,,,,3528.0,,Yes,"No (contract out, followed up on 3/17)",,Map_load_03182025,Danielle Shepanski,https://www.elderwood.com/locations/elderwood-village-at-fairport,585-472-0635,7 Chardonnay Dr,Fairport,NY,,False,False,False,False,
,,14450,,,,4632.0,,Yes,"No (contract out, followed up on 3/17)",,Map_load_03182025,Danielle Shepanski,https://www.elderwood.com/locations/elderwood-village-at-fairport,585-472-0635,7 Chardonnay Dr,Fairport,NY,,False,False,False,False,
,,14450,,,,5071.0,,Yes,"No (contract out, followed up on 3/17)",,Map_load_03182025,Danielle Shepanski,https://www.elderwood.com/locations/elderwood-village-at-fairport,585-472-0635,7 Chardonnay Dr,Fairport,NY,,False,False,False,False,
,,14612,,,,4765.0,,Yes,Will have the blanket 100% WR Contract,,Map_load_03182025,Jeanette Cooper,https://www.willowridgeseniorliving.com/communities/crimson-ridge-meadows/,585-720-9330,1 Treeline Dr,Rochester (Greece),NY,,False,False,False,False,
,,14612,,,,5690.0,,Yes,Will have the blanket 100% WR Contract,,Map_load_03182025,Jeanette Cooper,https://www.willowridgeseniorliving.com/communities/crimson-ridge-meadows/,585-720-9330,1 Treeline Dr,Rochester (Greece),NY,,False,False,False,False,
,,14612,,,,6000.0,,Yes,Will have the blanket 100% WR Contract,,Map_load_03182025,Jeanette Cooper,https://www.willowridgeseniorliving.com/communities/crimson-ridge-meadows/,585-720-9330,1 Treeline Dr,Rochester (Greece),NY,,False,False,False,False,
,,14612,,,,6180.0,,Yes,Will have the blanket 100% WR Contract,,Map_load_03182025,Jeanette Cooper,https://www.willowridgeseniorliving.com/communities/crimson-ridge-meadows/,585-720-9330,1 Treeline Dr,Rochester (Greece),NY,,False,False,False,False,
,,14612,,,,5620.0,,Yes,Will have the blanket 100% WR Contract,,Map_load_03182025,Jeanette Cooper,https://www.willowridgeseniorliving.com/communities/crimson-ridge-meadows/,585-720-9330,1 Treeline Dr,Rochester (Greece),NY,,False,False,False,False,
,,14612,,,,7145.0,,Yes,Will have the blanket 100% WR Contract,,Map_load_03182025,Jeanette Cooper,https://www.willowridgeseniorliving.com/communities/crimson-ridge-meadows/,585-720-9330,1 Treeline Dr,Rochester (Greece),NY,,False,False,False,False,
,,14612,,,,7580.0,,Yes,Will have the blanket 100% WR Contract,,Map_load_03182025,Jeanette Cooper,https://www.willowridgeseniorliving.com/communities/crimson-ridge-meadows/,585-720-9330,1 Treeline Dr,Rochester (Greece),NY,,False,False,False,False,
,,14620,,,,,,,New contact in process,,Map_load_03182025,Stephanie Krebbeks,https://www.stjohnsliving.org/community/brickstone-by-st-johns/,585-760-1300 / 585 271 1000,1325 Elmwood Avenue,Rochester (Brighton),NY,,False,False,False,False,
,,14609,,,,,,Yes,No (but can I extend out Clover Blossom?),,Map_load_03182025,Meghan Bentley (Sales Director),https://www.watermarkcommunities.com/our-communities/new-york/rochester/legacy-at-cranberry-landing/,585-244-3630,300 Cranberry Landing Drive,Rochester,NY,,False,False,False,False,
,,14609,,,,,,Yes,No (but can I extend out Clover Blossom?),,Map_load_03182025,Meghan Bentley (Sales Director),https://www.watermarkcommunities.com/our-communities/new-york/rochester/legacy-at-cranberry-landing/,585-244-3630,300 Cranberry Landing Drive,Rochester,NY,,False,False,False,False,
,,14609,,,,,,Yes,No (but can I extend out Clover Blossom?),,Map_load_03182025,Meghan Bentley (Sales Director),https://www.watermarkcommunities.com/our-communities/new-york/rochester/legacy-at-cranberry-landing/,585-244-3630,300 Cranberry Landing Drive,Rochester,NY,,False,False,False,False,
,,14626,,,,,,Yes,"No (contract out, followed up on 3/17)",,Map_load_03182025,Danielle Shepanski,https://www.elderwood.com/locations/elderwood-village-at-greece,(585) 225-7210,1404 Long Pond Road,Greece,NY,,False,False,False,False,
,,14616,,,,3372.0,,,New contact in process,,Map_load_03182025,Tina Brown ,https://www.grandeville.com,585-621-6160,555 Maiden Lane,Greece,NY,,False,False,False,False,
,,14616,,,,4286.0,,,New contact in process,,Map_load_03182025,Tina Brown ,https://www.grandeville.com,585-621-6160,555 Maiden Lane,Greece,NY,,False,False,False,False,
,,14616,,,,5603.0,,,New contact in process,,Map_load_03182025,Tina Brown ,https://www.grandeville.com,585-621-6160,555 Maiden Lane,Greece,NY,,False,False,False,False,
,,14526,,,,,,Yes,No (but can I extend out Clover Blossom?),,Map_load_03182025,Emily Whitney ,https://www.watermarkcommunities.com/our-communities/new-york/penfield/legacy-at-grande-vie,585-381-0680,2140 Five Mile Line Road,Penfield,NY,,False,False,False,False,
,,14526,,,,,,Yes,No (but can I extend out Clover Blossom?),,Map_load_03182025,Emily Whitney ,https://www.watermarkcommunities.com/our-communities/new-york/penfield/legacy-at-grande-vie,585-381-0680,2140 Five Mile Line Road,Penfield,NY,,False,False,False,False,
,,14526,,,,,,Yes,No (but can I extend out Clover Blossom?),,Map_load_03182025,Emily Whitney ,https://www.watermarkcommunities.com/our-communities/new-york/penfield/legacy-at-grande-vie,585-381-0680,2140 Five Mile Line Road,Penfield,NY,,False,False,False,False,
,,14626,,,,,,,New contact in process,,Map_load_03182025,[Refer to Cindy's Notes],404 error,(585) 723-8688,1465 Long Pond Rd,Rochester,NY,,False,False,False,False,
,,14615,,,,2995.0,,Yes,No (but working through Christina Palma to paper all WR communities),,Map_load_03182025,Kayla Gaiennie,https://www.willowridgeseniorliving.com/communities/maiden-park/,(585) 546-7275,749 Maiden Lane,Rochester,NY,,False,False,False,False,
,,14615,,,,4725.0,,Yes,No (but working through Christina Palma to paper all WR communities),,Map_load_03182025,Kayla Gaiennie,https://www.willowridgeseniorliving.com/communities/maiden-park/,(585) 546-7275,749 Maiden Lane,Rochester,NY,,False,False,False,False,
,,14615,,,,5195.0,,Yes,No (but working through Christina Palma to paper all WR communities),,Map_load_03182025,Kayla Gaiennie,https://www.willowridgeseniorliving.com/communities/maiden-park/,(585) 546-7275,749 Maiden Lane,Rochester,NY,,False,False,False,False,
,,14615,,,,5695.0,,Yes,No (but working through Christina Palma to paper all WR communities),,Map_load_03182025,Kayla Gaiennie,https://www.willowridgeseniorliving.com/communities/maiden-park/,(585) 546-7275,749 Maiden Lane,Rochester,NY,,False,False,False,False,
,,14615,,,,5495.0,,Yes,No (but working through Christina Palma to paper all WR communities),,Map_load_03182025,Kayla Gaiennie,https://www.willowridgeseniorliving.com/communities/maiden-park/,(585) 546-7275,749 Maiden Lane,Rochester,NY,,False,False,False,False,
,,14615,,,,7225.0,,Yes,No (but working through Christina Palma to paper all WR communities),,Map_load_03182025,Kayla Gaiennie,https://www.willowridgeseniorliving.com/communities/maiden-park/,(585) 546-7275,749 Maiden Lane,Rochester,NY,,False,False,False,False,
,,14615,,,,7695.0,,Yes,No (but working through Christina Palma to paper all WR communities),,Map_load_03182025,Kayla Gaiennie,https://www.willowridgeseniorliving.com/communities/maiden-park/,(585) 546-7275,749 Maiden Lane,Rochester,NY,,False,False,False,False,
,,14615,,,,8195.0,,Yes,No (but working through Christina Palma to paper all WR communities),,Map_load_03182025,Kayla Gaiennie,https://www.willowridgeseniorliving.com/communities/maiden-park/,(585) 546-7275,749 Maiden Lane,Rochester,NY,,False,False,False,False,
,,14615,,,,5395.0,,Yes,No (but working through Christina Palma to paper all WR communities),,Map_load_03182025,Kayla Gaiennie,https://www.willowridgeseniorliving.com/communities/maiden-park/,(585) 546-7275,749 Maiden Lane,Rochester,NY,,False,False,False,False,
,,14615,,,,7025.0,,Yes,No (but working through Christina Palma to paper all WR communities),,Map_load_03182025,Kayla Gaiennie,https://www.willowridgeseniorliving.com/communities/maiden-park/,(585) 546-7275,749 Maiden Lane,Rochester,NY,,False,False,False,False,
,,14615,,,,7245.0,,Yes,No (but working through Christina Palma to paper all WR communities),,Map_load_03182025,Kayla Gaiennie,https://www.willowridgeseniorliving.com/communities/maiden-park/,(585) 546-7275,749 Maiden Lane,Rochester,NY,,False,False,False,False,
,,14615,,,,7925.0,,Yes,No (but working through Christina Palma to paper all WR communities),,Map_load_03182025,Kayla Gaiennie,https://www.willowridgeseniorliving.com/communities/maiden-park/,(585) 546-7275,749 Maiden Lane,Rochester,NY,,False,False,False,False,
,,14615,,,,5945.0,,Yes,No (but working through Christina Palma to paper all WR communities),,Map_load_03182025,Kayla Gaiennie,https://www.willowridgeseniorliving.com/communities/maiden-park/,(585) 546-7275,749 Maiden Lane,Rochester,NY,,False,False,False,False,
,,14626,,,,4525.0,,Yes,No (try to get Village at Unity contract at 85% to extend to cover),,Map_load_03182025,"Tracy Polacheck (Sales)
Mallory Ireton (Marketing)",https://www.leisurecare.com/our-communities/village-mill-landing/,585-720-3033,45 Mill Road ,Rochester,NY,,False,False,False,False,
,,14626,,,,5700.0,,Yes,No (try to get Village at Unity contract at 85% to extend to cover),,Map_load_03182025,"Tracy Polacheck (Sales)
Mallory Ireton (Marketing)",https://www.leisurecare.com/our-communities/village-mill-landing/,585-720-3033,45 Mill Road ,Rochester,NY,,False,False,False,False,
,,14467,,,,,,Yes,No (need to get an email for someone there to send it to),,Map_load_03182025,Athena ,No website (A place for mom!!),1 585-334-1800,4455 Henrietta Road,Henrietta,NY,,False,False,False,False,
,,14609,,,,,,No,No,,Map_load_03182025,Jay Brooks (Admissions) ,https://www.shireseniorliving.com,(585) 467-4544,2515 Culver Road,Rochester,NY,,False,False,False,False,
,,14534,,,,,,,New contact in process,,Map_load_03182025,"Maria Sommerville (Marketing)
Patricia Klimchuck (Sales) ",https://www.highlandsatpittsford.org,585-586-7600,100 Hahnemann Trail,Pittsford,NY,,False,False,False,False,
,,14534,,,,,,,New contact in process,,Map_load_03182025,"Maria Sommerville (Marketing)
Patricia Klimchuck (Sales) ",https://www.highlandsatpittsford.org/laurelwood-assisted-living/,(585) 586-7600,100 Hahnemann Trail,Pittsford,NY,,False,False,False,False,
,,14534,,,,,,,New contact in process,,Map_load_03182025,"Maria Sommerville (Marketing)
Patricia Klimchuck (Sales) ",https://www.highlandsatpittsford.org/laurelwood-assisted-living/,(585) 586-7600,100 Hahnemann Trail,Pittsford,NY,,False,False,False,False,
,,14534,,,,,,,New contact in process,,Map_load_03182025,"Maria Sommerville (Marketing)
Patricia Klimchuck (Sales) ",https://www.highlandsatpittsford.org/laurelwood-assisted-living/,(585) 586-7600,100 Hahnemann Trail,Pittsford,NY,,False,False,False,False,
,,14526,,,,6140.0,"First Month’s Rent
Refundable
",Yes,"Yes, 85%, for long-term stays and 30% of 1st week for short-term stays, January 2025",,Map_load_03182025,Tessa Ryan,https://episcopalseniorlife.org/communities/ashley-woods/,585.649.7504,400 YMCA Way,Penfield,NY,,False,False,False,False,
,,14526,,,,6525.0,"First Month’s Rent
Refundable
",Yes,"Yes, 85%, for long-term stays and 30% of 1st week for short-term stays, January 2026",,Map_load_03182025,Tessa Ryan,https://episcopalseniorlife.org/communities/ashley-woods/,585.649.7504,400 YMCA Way,Penfield,NY,,False,False,False,False,
,,14526,,,,7535.0,"First Month’s Rent
Refundable
",Yes,"Yes, 85%, for long-term stays and 30% of 1st week for short-term stays, January 2027",,Map_load_03182025,Tessa Ryan,https://episcopalseniorlife.org/communities/ashley-woods/,,401 YMCA Way,Penfield,NY,,False,False,False,False,
,,14467,,,,6000.0,"First Month’s Rent
Refundable
",Yes,"Yes, 85%, for long-term stays and 30% of 1st week for short-term stays, January 2028",,Map_load_03182025,Briana Boland ,https://episcopalseniorlife.org/communities/brentland-woods/,585.629.6039,3831 East Henrietta Road,Henrietta,NY,,False,False,False,False,
,,14467,,,,6370.0,"First Month’s Rent
Refundable
",Yes,"Yes, 85%, for long-term stays and 30% of 1st week for short-term stays, January 2029",,Map_load_03182025,Briana Boland ,https://episcopalseniorlife.org/communities/brentland-woods/,585.629.6039,3831 East Henrietta Road,Henrietta,NY,,False,False,False,False,
,,14467,,,,6410.0,"First Month’s Rent
Refundable
",Yes,"Yes, 85%, for long-term stays and 30% of 1st week for short-term stays, January 2030",,Map_load_03182025,Briana Boland ,https://episcopalseniorlife.org/communities/brentland-woods/,585.629.6039,3831 East Henrietta Road,Henrietta,NY,,False,False,False,False,
,,14472,,,,2940.0,"Non Refundable Maintenance Fee $2,200",Yes,"Yes, 85%, for long-term stays and 30% of 1st week for short-term stays, January 2031",,Map_load_03182025,Briana Boland ,https://episcopalseniorlife.org/communities/pinehurst/,585.629.6039,"1000 Pine Trail, Honeoye Falls ",Rochester,NY,,False,False,False,False,
,,14472,,,,2050.0,"Non Refundable Maintenance Fee $2,200",Yes,"Yes, 85%, for long-term stays and 30% of 1st week for short-term stays, January 2032",,Map_load_03182025,Briana Boland ,https://episcopalseniorlife.org/communities/pinehurst/,585.629.6039,"1000 Pine Trail, Honeoye Falls ",Rochester,NY,,False,False,False,False,
,,14624,,,,6000.0,First Month’s Rent Refundable,Yes,"Yes, 85%, for long-term stays and 30% of 1st week for short-term stays, January 2033",,Map_load_03182025,Kristin Coffie,https://episcopalseniorlife.org/communities/seabury-woods-assisted-living/,585.546.8439 x3717,110 Dalaker Drive,Rochester,NY,,False,False,False,False,
,,14624,,,,6410.0,First Month’s Rent Refundable,Yes,"Yes, 85%, for long-term stays and 30% of 1st week for short-term stays, January 2034",,Map_load_03182025,Kristin Coffie,https://episcopalseniorlife.org/communities/seabury-woods-assisted-living/,585.546.8439 x3717,110 Dalaker Drive,Rochester,NY,,False,False,False,False,
,,14624,,,,5060.0,First Month’s Rent Refundable,Yes,"Yes, 85%, for long-term stays and 30% of 1st week for short-term stays, January 2035",,Map_load_03182025,Kristin Coffie,https://episcopalseniorlife.org/communities/seabury-woods-assisted-living/,585.546.8439 x3717,110 Dalaker Drive,Rochester,NY,,False,False,False,False,
,,14624,,,,7030.0,First Month’s Rent Refundable,Yes,"Yes, 85%, for long-term stays and 30% of 1st week for short-term stays, January 2036",,Map_load_03182025,Kristin Coffie,https://episcopalseniorlife.org/communities/seabury-woods-assisted-living/,585.546.8439 x3717,110 Dalaker Drive,Rochester,NY,,False,False,False,False,
,,14624,,,,10120.0,First Month’s Rent Refundable,Yes,"Yes, 85%, for long-term stays and 30% of 1st week for short-term stays, January 2037",,Map_load_03182025,Kristin Coffie,https://episcopalseniorlife.org/communities/seabury-woods-assisted-living/,585.546.8439 x3717,110 Dalaker Drive,Rochester,NY,,False,False,False,False,
,,14624,,,,2545.0,First Month's Rent Non-Refundable,Yes,"Yes, 85%, for long-term stays and 30% of 1st week for short-term stays, January 2038",,Map_load_03182025,Kristin Coffie,https://episcopalseniorlife.org/communities/seabury-woods-assisted-living/,585.546.8439 x3717,110 Dalaker Drive,Rochester,NY,,False,False,False,False,
,,14624,,,,2705.0,First Month's Rent Non-Refundable,Yes,"Yes, 85%, for long-term stays and 30% of 1st week for short-term stays, January 2039",,Map_load_03182025,Kristin Coffie,https://episcopalseniorlife.org/communities/seabury-woods-assisted-living/,585.546.8439 x3717,110 Dalaker Drive,Rochester,NY,,False,False,False,False,
,,14610,,,,2420.0,,Yes,"Yes, 85%, for long-term stays and 30% of 1st week for short-term stays, January 2040",,Map_load_03182025,Anna Meyer,https://episcopalseniorlife.org/communities/valley-manor-independent-living/,585.208-9953,1570 East Avenue,Rochester,NY,,False,False,False,False,
,,14610,,,,3300.0,,Yes,"Yes, 85%, for long-term stays and 30% of 1st week for short-term stays, January 2041",,Map_load_03182025,Anna Meyer,https://episcopalseniorlife.org/communities/valley-manor-independent-living/,585.208-9953,1570 East Avenue,Rochester,NY,,False,False,False,False,
,,14620,,,,1950.0,"Non Refundable Maintenance Fee $2,200",Yes,"Yes, 85%, for long-term stays and 30% of 1st week for short-term stays, January 2042",,Map_load_03182025,Anna Meyer,https://episcopalseniorlife.org/communities/river-edge-manor/,585.208-9953,535 Mount Hope Avenue,Rochester,NY,,False,False,False,False,
,,14620,,,,2955.0,"Non Refundable Maintenance Fee $2,200",Yes,"Yes, 85%, for long-term stays and 30% of 1st week for short-term stays, January 2043",,Map_load_03182025,Anna Meyer,https://episcopalseniorlife.org/communities/river-edge-manor/,585.208-9953,535 Mount Hope Avenue,Rochester,NY,,False,False,False,False,
,,14620,,,,3095.0,"Non Refundable Maintenance Fee $2,200",Yes,"Yes, 85%, for long-term stays and 30% of 1st week for short-term stays, January 2044",,Map_load_03182025,Anna Meyer,https://episcopalseniorlife.org/communities/river-edge-manor/,585.208-9953,535 Mount Hope Avenue,Rochester,NY,,False,False,False,False,
,,14622,,,,1490.0,"First Month’s Rent
Non-Refundable
",Yes,"Yes, 85%, for long-term stays and 30% of 1st week for short-term stays, January 2045",,Map_load_03182025,Tessa Ryan,https://episcopalseniorlife.org/communities/ellens-place/,585.649.7504,65 Brower Road,Rochester,NY,,False,False,False,False,
,,14622,,,,1835.0,"First Month’s Rent
Non-Refundable
",Yes,"Yes, 85%, for long-term stays and 30% of 1st week for short-term stays, January 2046",,Map_load_03182025,Tessa Ryan,https://episcopalseniorlife.org/communities/ellens-place/,585.649.7504,65 Brower Road,Rochester,NY,,False,False,False,False,
,,14622,,,,2050.0,"First Month’s Rent
Non-Refundable
",Yes,"Yes, 85%, for long-term stays and 30% of 1st week for short-term stays, January 2047",,Map_load_03182025,Tessa Ryan,https://episcopalseniorlife.org/communities/ellens-place/,585.649.7504,65 Brower Road,Rochester,NY,,False,False,False,False,
,,14432,,,,3775.0,,Uncertain,No,,Map_load_03182025,Tressa Taylor ,https://ashtonplaceny.com,315.462.3140,190 Ashton Court,Clifton Springs,NY,,False,False,False,False,
,,14432,,,,4275.0,,Uncertain,No,,Map_load_03182025,Tressa Taylor ,https://ashtonplaceny.com,315.462.3140,190 Ashton Court,Clifton Springs,NY,,False,False,False,False,
,,14432,,,,3795.0,,Uncertain,No,,Map_load_03182025,Tressa Taylor ,https://ashtonplaceny.com,315.462.3140,190 Ashton Court,Clifton Springs,NY,,False,False,False,False,
,,14432,,,,4275.0,,Uncertain,No,,Map_load_03182025,Tressa Taylor ,https://ashtonplaceny.com,315.462.3140,190 Ashton Court,Clifton Springs,NY,,False,False,False,False,
,,14432,,,,5985.0,,Uncertain,No,,Map_load_03182025,Tressa Taylor ,https://ashtonplaceny.com,315.462.3140,190 Ashton Court,Clifton Springs,NY,,False,False,False,False,
,,14432,,,,6485.0,,Uncertain,No,,Map_load_03182025,Tressa Taylor ,https://ashtonplaceny.com,315.462.3140,190 Ashton Court,Clifton Springs,NY,,False,False,False,False,
,,14616,,,,1165.0,"First Month’s Rent
Non-Refundable
",No,No (Episcopol Contract does not extend to this community),,Map_load_03182025,Erica Cerasoli,https://episcopalseniorlife.org/communities/beatrice-place/,585.546.8439 x4410,600 Denise Rd,Greece,NY,,False,False,False,False,
,,14616,,,,1355.0,"First Month’s Rent
Non-Refundable
",No,No (Episcopol Contract does not extend to this community),,Map_load_03182025,Erica Cerasoli,https://episcopalseniorlife.org/communities/beatrice-place/,585.546.8439 x4410,600 Denise Rd,Greece,NY,,False,False,False,False,
,,14616,,,,1525.0,"First Month’s Rent
Non-Refundable
",No,No (Episcopol Contract does not extend to this community),,Map_load_03182025,Erica Cerasoli,https://episcopalseniorlife.org/communities/beatrice-place/,585.546.8439 x4410,600 Denise Rd,Greece,NY,,False,False,False,False,
,,14476,,,,,,No,"No (so far as I can tell, this is affordable housing, which wouldn't contract)",,Map_load_03182025,Providence ,https://episcopalseniorlife.org/communities/rockwood-center/,585.295.1300,3833 East Henrietta Rd,Henrietta,NY,,False,False,False,False,
,,14476,,,,,,No,"No (so far as I can tell, this is affordable housing, which wouldn't contract)",,Map_load_03182025,Providence ,https://episcopalseniorlife.org/communities/rockwood-center/,585.295.1300,3833 East Henrietta Rd,Henrietta,NY,,False,False,False,False,
,,14620,,,,,,,New contact in process,,Map_load_03182025,Chelsea Hunter/ Rhonda ,https://www.cobbshillmanor.com,585.851.8696,1175 Monroe Avenue,Rochester,NY,,False,False,False,False,
,,14468,,,,,,,,,Map_load_03182025,Jamie Baldwin,https://hiltoneast.com,585-392-7171,"231 East Avenue, Hilton",Rochester,NY,,False,False,False,False,
